Stickles, Bryan, b.stickles@fakeemailaddress.com, Green, 08/11/2017
Graeber, Tim, t.graeber@fakeemailaddress.com, Blue, 03/08/1997
Balicki, Ahmad, a.balicki@fakeemailaddress.com, Indigo, 07/16/1970
Nazario, Anderson, a.nazario@fakeemailaddress.com, Violet, 02/16/1960
Desimone, Alayna, a.desimone@fakeemailaddress.com, Red, 10/23/2017
Woodford, Wyatt, w.woodford@fakeemailaddress.com, Orange, 12/16/1991
Hegland, Helena, h.hegland@fakeemailaddress.com, Yellow, 01/05/1993
Goulette, Regenia, r.goulette@fakeemailaddress.com, Green, 03/03/2020
Vinyard, Tabetha, t.vinyard@fakeemailaddress.com, Blue, 12/04/2016
Pinnell, Caryl, c.pinnell@fakeemailaddress.com, Indigo, 01/22/1943