Spang | Maybelle | m.spang@fakeemailaddress.com | Red | 09/09/2009
Foulds | Francesca | f.foulds@fakeemailaddress.com | Orange | 10/13/2004
Kersey | Alicia | a.kersey@fakeemailaddress.com | Yellow | 01/13/1980
Lagace | Tabetha | t.legace@fakeemailaddress.com | Green | 01/25/2014
Below | Roni | r.below@fakeemailaddress.com | Blue | 07/07/1958
Abbate | Torrie | t.abbate@fakeemailaddress.com | Indigo | 07/12/1971
Keplin | Grace | g.keplin@fakeemailaddress.com | Violet | 09/09/2008
Wetherington | Merissa | m.wetherington@fakeemailaddress.com | Red | 01/13/2017
Goodpaster | Hedy | h.goodpaster@fakeemailaddress.com | Orange | 09/20/2016
Grosso | Fernande | f.grosso@fakeemailaddress.com | Yellow | 06/27/2003