Otero Paul p.otero@fakeemailaddress.com Violet 12/11/2002
Maine Elizabeth e.maine@fakeemailaddress.com Red 05/03/1944
Halsey Vincent v.halsey@fakeemailaddress.com Orange 02/04/1949
Stines Charla c.stines@fakeemailaddress.com Yellow 09/14/1981
Benzel Ali a.benzel@fakeemailaddress.com Green 02/07/2011
Bogardus Petrina p.bogardus@fakeemailaddress.com Blue 01/30/2001
Yopp Nieves n.yopp@fakeemailaddress.com Indigo 02/20/1987
Mchone Stephania s.mchone@fakeemailaddress.com Violet 10/14/1979
Boudreau Lael l.boudreau@fakeemailaddress.com Red 04/18/1954
Shockley Valda v.shockley@fakeemailaddress.com Orange 01/17/2017